ingredient_name,frequency
1 ei,38
2 eier,28
"1 rote chilischote, frisch",25
1 tl paprika edelsüß,23
2 prisen muskat,23
"10 g ingwer, frisch",21
4 eier,21
"1 tl oregano, getrocknet",19
1 rote paprika,19
"20 g ingwer, frisch",17
1 tl senf,16
30 g mehl,16
100 g möhren,15
200 g crème fraîche,15
20 g speisestärke,14
½ bund koriander,14
"1 tl kurkuma, gemahlen",14
3 eier,14
¼ tl muskat,13
½ tl paprika edelsüß,12
"1 tl thymian, getrocknet",12
1 bund schnittlauch,12
200 g möhren,12
150 g karotten,12
150 g möhren,11
1 limette,11
1 prise muskat,11
400 g nudeln,11
100 g kartoffeln,10
"1 lorbeerblatt, getrocknet",9
30 g pinienkerne,9
320 g risottoreis,9
1 gelbe paprika,9
100 g crème fraîche,9
"15 g ingwer, frisch",9
½ tl muskat,8
"1 tl kreuzkümmel (cumin), gemahlen",8
"½ tl thymian, getrocknet",8
100 g rote paprika,8
1 geh. tl gemüsebouillon paste,8
150 g feta,8
50 g mehl,8
½ bund schnittlauch,8
200 g kartoffeln,8
½ tl curry,7
"½ tl oregano, getrocknet",7
20 g mehl,7
3 stängel koriander,7
200 g brokkoliröschen,7
"½ tl kreuzkümmel (cumin), gemahlen",7
1 tl curry,7
300 g risottoreis,7
½ tl paprika rosenscharf,7
15 g speisestärke,7
"2 gemüsebouillonwürfel (für je 0,5 l)",7
30 g speisestärke,6
"½ tl koriander, gemahlen",6
½ bund dill,6
100 g porree,6
50 g lauch,6
500 g linguine,6
2 eier (größe m),6
10 g speisestärke,6
"1 roter chili, alle sorten",6
1 chilischote,6
1 kresse-beet,6
200 g feta,6
200 g karotten,6
"1 stück ingwer, frisch",6
1 el curry,6
"50 g bärlauchblätter, frisch",6
400 g linguine,6
200 g emmentaler,5
100 g emmentaler,5
"1 tl koriander, gemahlen",5
"150 g schinken, gekocht",5
1 möhre,5
"150 g erbsen, tk",5
1 geh. tl curry,5
400 g möhren,5
300 g möhren,5
½ tl senf,5
"1 prise muskatnuss, gemahlen",5
"½ tl kurkuma, gemahlen",5
"200 g tofu, fest",5
"¼ tl chiliflocken, getrocknet",5
50 g knollensellerie,5
"1 tl majoran, getrocknet",5
2 prisen chiliflocken,5
"100 g erbsen, tk",5
1 tl speisestärke,5
"1 grüne chilischote, frisch",5
300 g kartoffeln,5
1 tl kurkuma,5
"½ tl chili, gemahlen",5
300 g nudeln,5
1 el fischsauce,5
"200 g garnelen, roh, geschält",5
"½ tl kreuzkümmel, gemahlen",5
250 g porree,4
200 g rote paprika,4
"1 peperoni, rot",4
300 g rote paprika,4
2 tl senf,4
1 tl paprika rosenscharf,4
50 g möhren,4
1 bund koriander,4
150 g speckwürfel,4
150 g rote paprika,4
10 g koriander,4
"2 prisen muskatnuss, gemahlen",4
"¼ tl kurkuma, gemahlen",4
"400 g kartoffeln, festkochend",4
5 eier,4
100 g karotten,4
20 g frischer ingwer,4
10 g senf,4
320 g spaghetti,4
100 g feta,4
400 g spaghetti,4
300 g spaghetti,4
6 eier,4
"1 msp. kurkuma, gemahlen",4
150 g crème fraîche,4
3 eigelb,4
120 g porree,4
15 g senf,4
"300 g erbsen, tk",4
3 zweige thymian,4
120 g mehl,4
½ tl kurkuma,4
40 g pecorino,4
1 tl kreuzkümmel (cumin),4
2 - 3 prisen muskat,4
600 g süßkartoffeln,4
30 g crème fraîche,4
500 g spitzkohl,4
500 g spaghetti,4
150 g porree,4
½ tl chiliflocken,4
50 g weizenmehl,4
500 g bandnudeln,4
½ tl worcester-sauce,4
250 g nudeln,4
1 ei (größe m),4
40 g mehl,4
1 zweig rosmarin,4
1 el schnittlauch,4
1 eigelb,4
150 g kartoffeln,4
1 zweig thymian,4
½ tl zimt,4
15 g mehl,4
10 g mehl,3
400 g feta,3
100 g griechischer joghurt (10% fett),3
120 g rote paprika,3
"140 g mais, aus der dose",3
1 tl garam masala,3
120 g möhren,3
70 g möhren,3
1 dose mais,3
4 brötchen,3
150 g gouda,3
1 fladenbrot,3
100 g suppennudeln,3
20 g fischsauce,3
5 g minze,3
160 g nudeln,3
½ rote paprika,3
30 g paniermehl,3
60 g mandeln,3
"korianderblätter, frisch",3
400 g brokkoliröschen,3
100 g gouda,3
2 el maisstärke (z. b. maizena),3
½ tl paprika edelsüss,3
2 tl garam masala,3
1 tl korianderkörner,3
50 g paniermehl,3
1 tl paprika de la vera,3
150 g kürbis,3
2 eigelbe,3
1 zimtstange,3
100 g rahm,3
250 g karotten,3
1 tl mehl,3
120 g lauch,3
250 g weizenkörner,3
3 prisen muskat,3
8 eier,3
"¼ tl kreuzkümmel, gemahlen",3
2 stängel dill,3
400 g udon-nudeln,3
"1 tl paprikapulver, edelsüß",3
"1 tl kreuzkümmel, gemahlen",3
"1 gemüsebrühwürfel (für 0,5 l)",3
560 g brokkoliröschen,3
"½ chili, frisch",3
"250 g lachsfilet, frisch, ohne haut",3
10 g minze,3
2 el sonnenblumenkerne,3
25 g pinienkerne,3
"250 g reis, parboiled",3
100 g haselnüsse,3
50 g crème fraîche,3
"80 g erbsen, tk",3
½ tl oregano,3
"200 g erbsen, tk",3
"4 lachsfilets, frisch, ohne haut",3
5 zweige thymian,3
250 g tagliatelle,3
250 g risoni-nudeln,3
koriander,3
3 zweige rosmarin,3
100 g rotwein,3
30 g pecorino,3
1 el paprika edelsüß,3
4 stängel koriander,3
200 g vollrahm,3
10 g worcester-sauce,3
40 g schmelzkäse,3
2 zweige thymian,3
2 limetten,3
200 g lauch,3
400 g brokkoli,3
1 gurke,3
250 g möhren,3
"1 msp. muskat, gemahlen",3
400 g penne,3
10 g pinienkerne,3
¼ tl chiliflocken,3
320 g penne,3
2 el kürbiskerne,3
320 g linguine,3
"2 prisen muskat, gemahlen",3
100 g glasnudeln,3
"400 g erbsen, tk",3
200 g porree,3
50 g porree,3
5 g frischer ingwer,3
"400 g spätzle, frisch",3
60 g mehl,3
"400 g lachsfilet, frisch, ohne haut",3
"1 prise muskat, gemahlen",3
10 g frischer ingwer,3
2 eigelb,3
"285 g mais, aus der dose",3
"½ bund koriander, frisch",3
1 roter paprika,3
80 g möhre,3
6 stängel koriander,3
"50 g weisswein, trocken",3
"100 g paprika, gemischt",3
¼ tl zimt,2
600 g gruyère,2
½ frische chili,2
120 g gouda,2
50 g putenbrust-aufschnitt,2
200 g kräuterschmelzkäse,2
2 el paniermehl,2
2 tl gyrosgewürz,2
80 g feta,2
"200 g quark, 20% fett",2
250 g magerquark,2
300 g mehl,2
1 el pizzagewürz,2
400 g gruyère,2
2 el pizzagewürz,2
½ tl chilipulver,2
2 baguettes,2
5 stängel thymian,2
4 stängel spargel,2
100 g speckwürfel,2
1 dose linsen,2
2 tl schwarze senfkörner,2
"2 el koriander, frisch",2
300 g suppengemüse,2
50 g erdnusscreme,2
5 g koriander,2
"400 g garnelen, roh, geschält",2
½ tl paprika de la vera,2
½ fladenbrot,2
100 g brokkoli,2
100 g gruyère,2
300 g teigwaren,2
"10 - 15 g ingwer, frisch",2
"20 g mandeln, gemahlen",2
30 g gelbe currypaste,2
"30 g ingwer, frisch",2
160 g risottoreis,2
½ frische chilischote,2
80 g porree,2
¼ bund koriander,2
100 g chorizo,2
300 g rotkohl,2
200 g fenchel,2
"2 lachsfilet, frisch, ohne haut",2
700 g weissbrot,2
300 g mafaldine pasta,2
"300 g pasta getrocknet, sorte spaghetti",2
50 g speisestärke,2
1 tl kreuzkümmelsamen,2
1 tl schwarze senfkörner,2
"1 el kurkuma, gemahlen",2
2 bananen,2
1 bund kerbel,2
40 g speisestärke,2
125 g speckwürfel,2
70 g karotten,2
80 g griechisches joghurt,2
1000 g süßkartoffeln,2
"2 tl gemischte kräuter, tk",2
600 g kartoffeln,2
"1 el majoran, getrocknet",2
2 kardamomkapseln,2
4 nelken,2
70 g semmelwürfel,2
500 g weiße grundsauce,2
"½ rote chilischote, frisch",2
"600 g lachsfilet, frisch, ohne haut",2
200 g pak choi,2
"½ bund schnittlauch, frisch",2
"1 tl senf, scharf",2
"2 grüne chilischoten, frisch",2
100 g fenchel,2
150 g grünkohl,2
"150 g schinkenspeck, gewürfelt",2
350 g rote paprika,2
200 g speckwürfel,2
"½ tl kümmel, ganz",2
"500 g linsen, aus der dose",2
"1 el kerbel, frisch",2
"1 tl kümmel, ganz",2
500 g fusilli,2
50 g katenschinkenwürfel,2
100 g serrano-schinken,2
250 g quark,2
"½ tl gemischte kräuter, getrocknet",2
baguette,2
4 brühwürstchen,2
50 g rote paprika,2
50 g rüebli,2
2 tl paprika de la vera,2
1 frische chilischote,2
1 tl sambal oelek,2
"150 g mais, aus der dose",2
200 g eisbergsalat,2
"5 g ingwer, frisch",2
120 g brokkoliröschen,2
80 g mehl,2
½ kresse-beet,2
400 g gemischtes gemüse,2
50 g dinkelmehl,2
1 geh. tl senf,2
20 g jalapeño chili,2
4 burgerbrötchen,2
250 g mascarpone,2
140 g rote peperoni,2
"15 g pilze, getrocknet",2
"3 prisen paprikapulver, geräuchert, gemahlen",2
100 g frische pilze,2
1 tl senfkörner,2
50 g rotwein,2
300 g skyr,2
"¾ tl chili, gemahlen",2
"300 g pasta, getrocknet, typ spaghetti",2
80 g nudeln,2
60 g crème fraîche,2
"100 g garnelen, geschält, gegart",2
1 tl majoran,2
100 g schafskäse,2
1 tl paprikapulver,2
1 - 2 tl verjus,2
"koriander, frisch",2
1 - 2 tl sambal oelek,2
4 el mehl,2
100 g naturjoghurt,2
1 gestr. tl curry,2
"1 tl chiliflocken, getrocknet",2
800 g schupfnudeln,2
5 g speisestärke,2
150 g gelbe paprika,2
500 g kohlrabi,2
25 g speisestärke,2
20 g schnittlauch,2
3 - 4 prisen muskat,2
"2 el frische kräuter, gemischt",2
500 g spargel,2
"300 g paprika, gemischt",2
1 eidotter,2
"1 lachsfilet, frisch, ohne haut",2
550 g brokkoliröschen,2
"150 g joghurt, 3,5% fett",2
10 g dill,2
2 tl paprika edelsüß,2
150 g lauch,2
1 nori-blatt,2
60 g knollensellerie,2
100 g salami,2
50 g gelbe paprika,2
20 g senf,2
20 g pinienkerne,2
350 g erdbeeren,2
15 g koriander,2
100 g sellerie,2
2 lorbeerblätter,2
250 - 300 g brokkoliröschen,2
40 g mandelstifte,2
5 stängel oregano,2
"½ tl paprikapulver, edelsüß",2
"½ tl rosmarin, getrocknet, gehackt",2
"10 g koriander, frisch",2
10 g schnittlauch,2
340 g tagliatelle,2
500 g kurze makkaroni,2
"250 g joghurt, 3,5% fett",2
200 g chorizo,2
½ vanilleschote,2
500 g vollkornnudeln,2
"200 g garnelen, roh, geschält, tk",2
400 g kürbis,2
200 g gelbe paprika,2
"2 gemüsesuppenwürfel (für je 0,5 l)",2
250 g kurze nudeln,2
150 g schinkenspeckwürfel,2
400 g süßkartoffeln,2
200 g bacon,2
100 g weisswein,2
30 g ketjap manis,2
300 g räucherlachs,2
2 rote paprika,2
chiliflocken,2
50 g bärlauch,2
50 g gouda,2
250 g reis,2
50 g grüne salatblätter,2
1 tl gelbe currypaste,2
"100 g joghurt, 3,5% fett",2
"½ tl zimt, gemahlen",2
"120 g garnelen, geschält, gegart",2
200 g räucherlachs,2
"200 g garnelen, roh, mittelgroß, geschält",2
150 g salami,2
"250 g garnelen, roh, mittelgroß, geschält",2
"2 tl kreuzkümmel (cumin), gemahlen",2
500 g teigwaren,2
"1 frische, rote chilischote",2
300 g hartweizennudeln,2
"1 - 2 rote chilischoten, frisch",2
"1 gemüsebouillonwürfel (für je 0,5 l)",2
50 g vollrahm,2
2 ½ tl ras el hanout,2
150 - 200 g karotten,2
150 - 200 g lauch,2
50 g schmelzkäse,2
2 el curry,2
80 g hartkäse,2
200 g reisnudeln,2
"320 g risottoreis, alle sorten",2
"300 g mango, reif",2
1 rote peperoni,2
"60 g weisswein, trocken",2
1 bund dill,2
1 vanilleschote,2
300 g couscous,2
1 tl zimt,2
8 stängel koriander,2
1 msp. muskat,2
"500 g spätzle, frisch",2
20 g kürbiskerne,2
35 g mehl,2
100 g risottoreis,2
140 g möhren,2
4 stängel dill,2
40 g kartoffelstärke,2
"1 mango, reif",2
3 stängel minze,2
6 tl crème fraîche,2
"150 g garnelen, roh, geschält",2
1 el mehl,2
"1 gemüsebouillonwürfel (für 0,5 l)",2
700 g kartoffeln,2
250 g pfifferlinge,2
100 g mehl,2
"100 g bacon, in scheiben",2
150 g fenchel,2
4 scheiben toastbrot,2
"2 rote chilischoten, frisch",2
3 el schnittlauch,2
9 eier (größe m),2
"500 g weizenmehl, griffig",2
500 g kartoffeln,2
50 g weisswein,2
80 g couscous,2
frischer koriander,2
200 g räuchertofu,2
4 stängel minze,2
1 tl chiliflocken,2
150 g staudensellerie,2
80 g möhren,2
1 el worcester-sauce,2
300 g frische pilze,2
"1 rote chilischote, getrocknet",2
5 g dill,2
"50 g geräucherter, roher schinken",2
800 g kartoffeln,2
100 g knollensellerie,2
"¼ tl muskatnuss, gemahlen",2
100 g orangensaft,2
4 el crème fraîche,2
50 g pinienkerne,2
4 eigelb,2
"10 g steinpilze, getrocknet",2
"100 g blattspinat, tk",2
"¼ tl muskat, gemahlen",2
150 g gekochter schinken,2
60 g speisestärke,2
100 g grünkohl,2
"½ grüne chilischote, frisch",2
"100 g schinken, gekocht",2
20 g ghee,2
200 g grünkohl,2
"150 g speck, gewürfelt",2
250 g mehl,2
20 g rote currypaste,2
"100 g tofu, fest",2
"120 g blattspinat, tk",2
"200 g hartweizennudeln, getrocknet (penne rigate)",2
"100 g weizenmehl, glatt",2
150 g kohlrabi,2
1 tl oregano,2
20 g hartkäse,2
"300 g lachsfilet, frisch, ohne haut",2
200 g süßkartoffeln,2
100 g schmelzkäse,2
50 g walnusshälften,2
80 g hartweizengrieß,2
"300 g blattspinat, tk",2
"2 - 3 tl kapern, eingelegt",2
60 g hartkäse,2
100 g staudensellerie,2
250 g brokkoliröschen,2
1 pck. trockenhefe,2
"1 - 2 tl oregano, getrocknet",2
"4 bratwürste, roh",2
2 zweige rosmarin,2
100 g gekochter schinken,2
300 g kürbisfleisch,2
100 g bacon,2
"800 g spätzle, frisch",2
30 g walnusshälften,2
2 el kokosraspeln,2
50 g karotten,2
140 g hartweizengrieß,2
"75 g shiitakepilze, frisch",2
4 scheiben serrano-schinken,2
"½ gemüsesuppenwürfel (für 0,5 l)",2
1 - 2 tropfen bittermandelaroma,1
1 tl vanilleextrakt,1
40 g mini-marshmallows,1
150 g hörnchennudeln,1
70 g raclettekäse,1
1 pck. blätterteig,1
75 g speckwürfel,1
"300 g spätzle, frisch",1
80 g krautsalat,1
"50 g joghurt, 1,5% fett",1
"100 g schinkenspeck, gewürfelt",1
"2 el joghurt, 3,5% fett",1
600 g rindfleisch,1
150 g cornflakes,1
6 scheiben toastbrot,1
¼ tl paprika edelsüß,1
500 g schweinegeschnetzeltes,1
2 - 3 tl gyrosgewürz,1
1 ½ brötchen,1
100 g käse,1
400 g mehl,1
150 g emmentaler,1
1 würfel hefe,1
4 el sonnenblumenkerne,1
400 g appenzeller,1
500 g helles hefebier,1
"100 g thunfisch, in lake",1
200 g hafercreme,1
"100 g geriebene käse-alternative, vegan",1
700 g wildbrokkoli,1
"350 g garnelen, roh, mittelgroß, ohne kopf, mit schale",1
½ baguette,1
4 geh. el curry,1
2 tl sambal oelek,1
6 bratwürste,1
600 g gruyère käse,1
"½ - 1 tl thymian, getrocknet",1
250 g räuchertofu,1
100 g brokkoliröschen,1
1 geh. tl sambal oelek,1
40 g eisbergsalat,1
120 g käse,1
200 g kräuter-crème-frâiche,1
"150 g ananas, frisch",1
100 g remoulade,1
200 g mini-würstchen,1
700 g kasseler,1
500 g sauerkraut,1
60 g paprikamark,1
25 g cognac,1
20 g körniger senf,1
"1 chilischote, rot, getrocknet",1
350 g spaghetti,1
"1 rettich, frisch",1
4 nori-blätter,1
720 g sushi reis,1
1 gelber paprika,1
½ tl cajun-gewürzmischung,1
½ limette,1
300 g paradeiser,1
"¼ - ½ tl kreuzkümmel, gemahlen",1
1 - 2 msp. chilipulver,1
"2 - 3 el korianderblätter, frisch",1
"1 - 2 grüne chilischoten, frisch",1
280 g brühwürstchen,1
150 g rotkohl,1
250 g rote paprika,1
250 g mango,1
"¾ tl kreuzkümmel, gemahlen",1
"200 g paprika, gemischt",1
100 g mais aus der dose,1
¼ tl chilipulver,1
300 g putengeschnetzeltes,1
1 prise kümmel,1
80 g eisbergsalat,1
150 g weißkohl,1
"10 g senf, mittelscharf",1
200 g griechischer joghurt (10% fett),1
1 tl rosmarin,1
4 pita-brottaschen,1
1 ½ el rote thai-currypaste,1
80 g erdnusscreme,1
125 g mie-nudeln,1
300 - 400 g udon-nudeln (udon noodle precooked),1
"400 g pouletbrustfilet, ohne haut",1
10 g austernsauce,1
200 g pak-choi,1
"150 g austernpilze, frisch",1
150 g schinkenwürfeli,1
½ el senf,1
"10 g chilischoten, rot, getrocknet",1
600 g rohe garnelen,1
50 g reiswein,1
30 g ahornsirup,1
"1 prise kardamom, gemahlen",1
12 grüne salatblätter,1
12 scheiben käse,1
"500 g hühneroberkeulen, ohne haut, ausgelöst",1
250 g chorizo,1
300 - 400 g rote paprika,1
"500 g spargel, grün",1
"300 g tofu, fest",1
"5 g koriander, frisch",1
50 g sweet-chili-sauce,1
400 g mie-nudeln,1
40 g porree,1
80 g kimchi,1
"70 g erbsen, tk",1
20 g misopaste,1
6 scheiben bauernbrot,1
50 g mandeln,1
80 g walnusshälften,1
"150 g kartoffeln, mehligkochend",1
"420 g weisswein, trocken",1
20 g kirsch,1
"½ tl muskatnuss, gemahlen",1
"1 prise chiliflocken, getrocknet",1
120 g feta,1
230 g rote bete,1
"200 g forellenfilets, geräuchert",1
1 gestr. tl chiliflocken,1
4 tl rote thai-currypaste,1
3 geh. el erdnussmus,1
"250 g reisnudeln, getrocknet",1
"2 - 3 prisen nelken, gemahlen",1
"12 garnelen, roh, groß, geschält",1
2 stängel estragon,1
8 scheiben roher schinken,1
150 g cabanossi,1
"300 g pasta getrocknet, sorte linguine",1
"300 g garnelen, roh, mittelgroß, geschält",1
80 g crème légère,1
300 g eisbergsalat,1
15 g kerbel,1
600 g möhren,1
2 stängel liebstöckel,1
400 g brühwürstchen,1
2 grüne chilischoten,1
1 tl weissmehl,1
600 g pangasiusfilets,1
160 g kokosnusscreme,1
70 g haselnüsse,1
400 - 500 g frische fischfilets,1
1 - 2 el maisstärke,1
"4 stücke thunfisch, frisch",1
1 - 2 el bratensaucen-paste,1
40 g wasabipaste,1
20 g austernsauce,1
400 - 460 g udon-nudeln,1
"2 eier, hartgekocht",1
100 g joghurt,1
2 - 4 blätter eisbergsalat,1
4 laugenstangen,1
"4 tl senf, süß",1
300 g leberkäse,1
180 g schmelzkäsescheiben,1
1 brokkoli,1
"40 g dinkel, ungemahlen",1
"1 würfel gemüsebouillonwürfel (für je 0,5 l)",1
250 g fenchel,1
150 g hirse,1
2 - 4 el cashewkerne,1
2 tl ras el hanout,1
600 g pangasiusfilet,1
160 g kokoscreme,1
"400 g garnelen, roh, mittelgroß, geschält",1
10 g reiswein,1
1 cm frischer ingwer,1
"1 rote chili, frisch",1
250 g karotte,1
"250 g reisnudeln, alle sorten",1
90 g süsse chilisauce,1
2 geh. tl erythrit,1
¼ tl wasabipaste,1
"200 g edamame, gepalt, tk",1
paprika edelsüß,1
3 scheiben schwarzbrot,1
"200 - 300 g mangoldblätter, frisch",1
80 g hartweizengriess,1
1 packung sauerkraut,1
"50 g weizenmehl, universal",1
60 g edamer,1
200 g feldsalat,1
4 hart gekochte eier,1
150 g paniermehl,1
"¼ tl ingwer, getrocknet, gemahlen",1
200 g gyros-geschnetzeltes,1
170 - 200 g lauch,1
"250 g weisswein, trocken",1
"2 tl thymianblätter, frisch",1
"800 - 1000 g miesmuschel, frisch, gesäubert",1
15 g schnittlauch,1
"90 g garnelen, geschält, gegart",1
8 blätter kopfsalat,1
4 hot-dog-brötchen,1
5 g harissa,1
100 g couscous,1
¼ tl curry,1
5 stängel minze,1
"20 g steinpilze, getrocknet",1
25 g leinsamen,1
1 tl misopaste,1
"3 zweigchen majoran, frisch",1
280 g linguine,1
30 g pecorino romano,1
3 eigelbe,1
"500 g trockenteigwaren, sorte paccheri",1
40 g möhren,1
"150 g shimejipilze, frisch",1
250 g mini pak choi,1
"320 g weizenmehl, glatt",1
1 geh. tl gewürzpaste,1
100 g sobrasada,1
30 g misopaste,1
"300 g schweinefleisch, ohne knochen",1
50 g sojasprossen,1
400 g vegane skyr-alternative (z. b. von alpro),1
400 g räuchertofu,1
400 g austernpilze,1
200 g rotkohl,1
50 - 100 g rote currypaste,1
"600 g hühnerbrustfilets, ohne haut",1
"150 g grüne erbsen, tiefgekühlt",1
60 g chorizo,1
70 - 100 g langkornreis,1
naturjoghurt,1
"80 g blattspinat, tk",1
1 tl thymian,1
200 g fusilli,1
200 g graukäse,1
200 g brot,1
"50 g rotwein, trocken",1
320 g penne rigate,1
"180 g thunfisch, frisch",1
10 g wasabipaste,1
70 g edamame,1
"6 stängel koriander, frisch",1
"250 - 300 g paprika, gemischt",1
250 g wurst,1
"1 - 2 tl majoran, getrocknet",1
80 g grüne paprika,1
½ - 1 getrockente rote chilischote,1
"570 g mais, aus der dose",1
120 g frische bärlauchblätter,1
"1 msp. muskatnuss, gemahlen",1
2 tl gemüsebouillon paste selbst gemacht,1
75 g weißer portwein,1
"75 g wermut, trocken",1
"300 g maronen, gegart, geschält",1
500 g geflügelfond,1
"4 g trüffel, frisch",1
"80 g entenbrust, geräuchert, in scheiben",1
kerbel,1
kartoffelchips,1
2 el barbecue-sauce,1
3 - 4 tropfen tabasco,1
300 g provolone,1
450 g spaghetti,1
40 g kürbiskerne,1
300 g romanasalat,1
"20 g gemischte kräuter, frisch",1
75 g griechischer joghurt (10% fett),1
250 g reisnudeln,1
"90 g chilisauce, süß",1
200 g rahm (aus kuhmilch hergestellt),1
"1 prise chilischote, rot, getrocknet",1
1 tl muskat,1
150 g joghurt,1
10 g agavendicksaft,1
"40 g dinkelmehl, glatt",1
400 g sauerrahm,1
250 g hartkäse,1
300 g roter paprika,1
½ - 1 tl currypulver,1
"250 g nudeln, getrocknet, fleckerl",1
150 g frische fischfilets,1
"2 tl thymian, getrocknet",1
300 - 350 g gemüse,1
100 g rahm (aus kuhmilch hergestellt),1
"10 g minze, frisch",1
"350 g pasta, getrocknet, typ spaghetti",1
"30 g pinienkerne, roh",1
150 - 180 g paprika,1
"1 hühnerbrühwürfel (für 0,5 l)",1
"200 g rundkornreis, weiß",1
"1 tl paprika, süß",1
100 g griechisches jogurt,1
"1 brühwürfel (0,5 l)",1
80 g champignon aus der dose,1
"200 g kräuterseitlinge, frisch",1
2 prisen paprika de la vera,1
350 g suppengemüse,1
1200 g geflügelfond,1
300 g weißkohl,1
50 g cashewkerne,1
5 g erythrit,1
250 - 320 g spaghetti,1
"150 - 180 g peperoni, gemischt",1
1 fischbouillon-würfel (für 0.5 l),1
200 g risottoreis,1
340 g spaghetti,1
350 g weißkohl,1
500 g schupfnudeln,1
500 g ravioli,1
250 g vollrahm,1
"1000 g kartoffeln, mehligkochend",1
100 g griechisches joghurt,1
"300 g langkornreis, weiß",1
"1 - 2 tl anissamen, ganz",1
60 g polenta,1
"1 scheibe ingwer, frisch",1
"50 g heidelbeeren, frisch",1
"1 - 2 el frische kräuter, gemischt",1
100 g langkornreis,1
"3 zweiglein thymian, frisch",1
1 - 2 tl chiliflocken,1
"2 tl kurkuma, gemahlen",1
"2 tl kreuzkümmel, gemahlen",1
"2 tl ingwer, gemahlen",1
2 tl zimt,1
20 g cashew-nüsse,1
"500 g kürbis, fruchtfleisch",1
"1 würfel gemüsebouillonwürfel (für 0,5 l)",1
"180 g tofu, geräuchert",1
limettensaft,1
cashew-nüsse,1
120 g paprikamark,1
"210 g paprika, gemischt",1
210 g eisbergsalat,1
150 g couscous,1
150 g schafskäse,1
20 g mohn,1
"2 tl rosmarin, getrocknet",1
3 stängel thymian,1
1 jalapeño chili,1
"20 g koriander, frisch",1
50 g grapefruitsaft,1
"800 g lachsfilets, frisch, ohne haut",1
"300 g rote bete, gegart",1
"1 orange, unbehandelt",1
5 g senf,1
400 g schafskäse,1
"1 tl rosmarin, getrocknet, gehackt",1
300 g geräucherte mettwürstchen,1
60 g walnusshälften,1
"200 g rote bete, gegart",1
200 - 300 g rhabarber,1
50 g hartweizengrieß,1
60 - 80 g paniermehl,1
300 g rindergeschnetzeltes,1
200 g gouda,1
2 tl mexikanische gewürzmischung für tacos,1
100 g datteln,1
35 g senf,1
200 g naturjoghurt,1
100 g grüne paprika,1
400 g lammfleisch,1
2 el paprika edelsüß,1
"80 g hartweizengrieß, fein",1
40 g frankfurter grüne kräuter,1
200 g brühwürstchen,1
2 el speisestärke,1
15 - 25 g gyrosgewürz,1
400 g rote paprika,1
2 tl majoran,1
1 el speisestärke,1
2 orange,1
"5 zweigchen thymian, frisch",1
1 tl paprika edelsüss,1
140 g mehl,1
"500 g quark, 20% fett",1
40 g paniermehl,1
"70 g joghurt, 3,5% fett",1
150 g grüne paprika,1
200 g paneer,1
70 g naturjoghurt,1
"¾ tl chiliflocken, getrocknet",1
450 - 500 g pilze,1
1 el paprika de la vera,1
"1 ½ tl dill, getrocknet",1
"500 g kloßteig, aus dem kühlregal",1
120 g weizenmehl type 550,1
"150 g haselnüsse, mit oder ohne haut",1
"3 el italienische kräuter, getrocknet",1
600 g spaghetti,1
"50 g schinken, gekocht",1
"500 g quark, 40% fett",1
85 g mehl,1
1 geh. tl pizzagewürz,1
80 g griechischer joghurt (10% fett),1
20 g aprikosenkonfitüre,1
"230 g spargel, weiß",1
100 - 150 g römersalatherzen,1
"200 g kartoffeln, mehligkochend",1
2 pimentkörner,1
2 wacholderbeeren,1
50 g crème légère,1
150 g kopfsalat,1
"800 g kabeljaufilet, frisch, ohne haut",1
250 g rindfleisch,1
5 zweige rosmarin,1
500 g mairübchen,1
200 g flusskrebsfleisch,1
"250 g rindfleisch, sehnenfrei, in stücken",1
"80 g walnüsse, halbiert",1
"300 g hendlfilets, ohne haut, ohne knochen",1
150 g pfirsiche,1
"40 g walnüsse, halbiert",1
"40 g haselnüsse, ganz",1
"150 g marillen, frisch",1
80 g speckwürfel,1
"400 g fisolen, frisch",1
"1 tl gemischte kräuter, frisch",1
60 g süßkartoffel,1
50 g möhre,1
120 g magerquark,1
1 prise paprika rosenscharf,1
"3 spitzpaprika, rot",1
5 minzblätter,1
"½ - 1 ½ rote chilischoten, frisch",1
2 tl frische thymianblättchen,1
"40 g pinienkerne, geröstet",1
300 g salsiccia,1
2 tl kräuter der provence,1
400 g putengeschnetzeltes,1
3 tl gyrosgewürz,1
300 g brokkoliröschen,1
250 g gelbe paprika,1
"600 g winterkabeljau-filet (skrei), ohne haut",1
"400 g fusilli aus grünen erbsen, getrocknet",1
200 g tempeh,1
320 g kurze nudeln,1
2 el pinienkerne,1
3 - 5 tropfen tabasco,1
20 g kokosraspeln,1
½ ciabatta,1
¼ - ½ chilischote,1
3 zweige minze,1
200 g erdbeeren,1
2 kugeln burrata,1
"2 el pinienkerne, geröstet",1
1 tl natron,1
70 g parmaschinken,1
"3 el pinienkerne, geröstet",1
"4 zweiglein oregano, frisch",1
"4 zweiglein thymian, frisch",1
500 g brombeeren,1
100 g schaumwein,1
70 g brokkoli,1
200 g erdnusscreme,1
2 stängel koriander,1
50 g feta,1
80 g weißbrot,1
50 g bacon,1
180 g stangensellerie,1
200 g paprikaschoten,1
40 g cashewkerne,1
7 datteln,1
"3 - 4 zweiglein frische kräuter, gemischt",1
15 g frischer ingwer,1
550 g süßkartoffeln,1
"2 gemüsesuppenwürfel (für 0,5 l)",1
80 g nussmus (pur),1
50 g pflanzendrink,1
2 el tapiokastärke,1
2 ½ el hefeflocken,1
10 el pflanzendrink,1
500 g weißbrot,1
160 g hinterschinken,1
250 g halbrahm,1
400 g maccheroni,1
400 g bandnudeln,1
350 g eisbergsalat,1
500 g kasseler,1
"2 brötchen, altbacken",1
"15 g senf, mittelscharf",1
200 g aprikosen,1
180 - 200 g römersalat,1
200 g burrata,1
"kerne, gemischt",1
400 g gelbe paprika,1
200 g gemischter salat,1
300 g gemischter blattsalat,1
20 g minze,1
20 g koriander,1
350 g rinderfiletsteak,1
1 baguette,1
25 - 30 g misopaste,1
600 g udon-nudeln,1
"chiliflocken, getrocknet",1
1 prise chilipulver,1
2 tl curry,1
120 g langkornreis,1
"120 g erbsen, tk",1
"250 g kartoffeln, festkochend",1
"500 g leipziger allerlei, tk",1
"500 g spätzle, trocken",1
1 tl worcester-sauce,1
"1 ½ tl kreuzkümmel (cumin), gemahlen",1
"1 ½ tl koriander, gemahlen",1
½ tl kardamom,1
60 g kapern,1
250 g penne,1
120 g gelbe paprika,1
150 g chinakohl,1
"400 g spargel, weiß",1
¼ tl paprika de la vera,1
100 g gelbe paprika,1
40 - 60 g rote currypaste,1
"300 g garnelen, roh, geschält",1
80 g appenzeller käse,1
1 gemüsebouillonwürfel,1
150 g jungspinat,1
1 - 1 ½ tl mexikanische gewürzmischung für tacos,1
1 tl erythrit,1
130 g eisbergsalat,1
"2 el joghurt, 1,5% fett",1
400 g shirataki-nudeln,1
10 g sambal oelek,1
25 g frischer meerrettich,1
50 g speckwürfel,1
100 g blauschimmelkäse,1
4 scheiben brot,1
100 g vollrahm,1
250 g kurze makkaroni,1
150 g speckwürfeli,1
50 g gelbe currypaste,1
200 g rote-bete-saft,1
200 g rhabarber,1
25 g misopaste,1
20 g paniermehl,1
"400 g kartoffel, festkochend",1
20 g getrocknete steinpilze,1
1 - 2 prisen muskat,1
40 g walnusshälften,1
"100 g feta, light",1
100 g tellerlinsen,1
1000 g kürbis,1
"1 el thymian, getrocknet",1
"2 - 3 tl kreuzkümmel, gemahlen",1
2 tl paprikapulver,1
"1 msp. zimt, gemahlen",1
"1 ingwer, frisch",1
60 g erdnussmus,1
10 g ahornsirup,1
¾ tl rote currypaste,1
160 g mie-nudeln,1
"6 spargelstangen, grün",1
5 erdbeeren,1
80 g dinkelnudeln,1
"100 g blattspinat, frisch",1
30 g emmentaler,1
30 g parmaschinken,1
1 tl körniger senf,1
3 - 4 spritzer worcester-sauce,1
2 - 3 zweige koriander,1
"300 g garnelen, roh, groß, geschält",1
25 g pilze,1
"400 g putenbrustfilet, ohne haut",1
1 - 2 el mexikanische gewürzmischung für tacos,1
100 g grüne salatblätter,1
3 packungen kresse,1
"1 - 2 prisen muskatnuss, frisch gerieben",1
950 g grüne spargeln,1
30 g weisswein,1
150 g griechisches joghurt,1
400 g pappardelle,1
"150 g blattspinat, frisch",1
"10 g chiliflocken, getrocknet",1
"50 g pilze, getrocknet",1
50 g kartoffelstärke,1
50 g kaffeeweißer,1
500 g maultaschen,1
250 g putenbrust,1
40 g körniger senf,1
125 g basmati-reis,1
"60 g erbsen, tk",1
200 g bandnudeln,1
250 g pute,1
250 g langkornreis,1
"1 el senfkörner, braun",1
200 g wildreismischung,1
100 g walnusshälften,1
200 g weichkäse in lake gereift,1
6 zweige thymian,1
3 tl chiliflocken,1
350 g bandnudeln,1
200 g roggenmischbrot,1
1 eisbergsalat,1
50 g haselnüsse,1
½ bund salbei,1
"2 rindsbouillonwürfel (für je 0,5 l)",1
2 briefchen safranpulver,1
12 kalbsplätzli,1
"400 g spargel, grün",1
50 g sbrinz,1
550 g lauch,1
"300 g vollrahm, gekühlt",1
100 g buchweizen,1
20 g vegane margarine,1
20 g lupinenmehl,1
½ tl rosmarin,1
4 tl instantkaffee,1
"1 prise ingwer, gemahlen",1
1 prise nelkenpulver,1
300 g bandnudeln,1
"1 geh. tl kreuzkümmel (cumin), gemahlen",1
½ tl gelbe thai-currypaste,1
1 el kokosraspeln,1
120 g mascarpone,1
400 g teigwaren,1
200 g glasnudeln,1
4 radieschen,1
"70 g bärlauchblätter, frisch",1
100 - 120 g hanfsamen,1
kresse,1
400 g crème fraîche,1
2 el körniger senf,1
1 el gelbe currypaste,1
1 gestr. tl kurkuma,1
20 g kokoschips,1
200 g mini-maiskolben,1
"80 g schinken, gekocht",1
250 g rindergeschnetzeltes,1
"250 g schweinefleisch, in stücken, sehnenfrei",1
"200 g lachsfilet, frisch, ohne haut",1
"1 geh. tl oregano, getrocknet",1
150 g mais,1
10 g garam masala,1
50 g schinkenspeckwürfel,1
15 - 20 g rote currypaste,1
55 g fischsauce,1
4 fischfilets,1
"125 g babymais, aus dem glas",1
270 g kokoscreme,1
300 g landjäger,1
150 g knollensellerie,1
1 tl rote currypaste,1
80 g ketjap manis,1
200 g chinesische weizennudeln,1
60 g emmentaler,1
"2 paprika, gemischt",1
2 dosen maiskörner,1
8 wienerli,1
150 g topinambur,1
25 g mandeln,1
400 g hühnerbrust,1
1 prise paprika edelsüß,1
50 g hartkäse,1
50 g eiswürfel,1
4 - 5 spritzer tabasco,1
1 staudensellerie-stange,1
1 kohlrabi,1
15 g jalapeño chili,1
30 g weizenmehl,1
"2 peperoni, gemischt",1
600 g seelachsfilets,1
150 g toastbrot,1
80 g emmentaler käse,1
2 eier (größe l),1
"40 g weizenmehl, glatt",1
"150 g katenschinken, gewürfelt",1
200 g mehl,1
30 g kakaopulver,1
1 glas sauerkirschen,1
"¼ tl chili, in flocken, getrocknet",1
"150 - 200 g kartoffeln, festkochend",1
"150 g gelbe linsen, getrocknet",1
2 tl gemüsebouillon paste,1
"400 g spargeln, weiss",1
"100 g crème fraîche, 20 % fettgehalt",1
"2 - 3 stängel dill, frisch",1
"½ gemüsebouillonwürfel (für je 0,5 l)",1
"1 bund koriander, frisch",1
"20 g kokosnuss, getrocknet, geraspelt, ungesüsst",1
"750 g erbsen, frisch",1
100 g roter traubensaft,1
200 g rotwein,1
5 gewürznelken,1
5 wacholderbeeren,1
150 g crème légère,1
"150 g blattspinat, tk",1
200 g sellerie,1
1 geh. el speisestärke,1
120 g sonnenweizen,1
400 g bananen,1
1 el ingwerpulver,1
2 el dill,1
1 karotte,1
"1 rettich, weiss, lang",1
"1 tl kurkuma, getrocknet, gemahlen",1
4 noriblätter,1
720 g sushi-reis,1
"500 g erbsen, frisch",1
½ päckchen kresse,1
"100 - 150 g spinat, frisch",1
"400 - 500 g tortelloni, frisch",1
¼ tl muskatblüte,1
"20 g weizenmehl, glatt",1
1 el worcestersauce,1
"250 g kurze hartweizennudeln, getrocknet (z. b. penne, farfalle, hörnchen)",1
"15 g weizenmehl, glatt",1
"1 bund dille, frisch",1
1 - 2 el crème fraîche,1
80 g brokkoli,1
80 g katenschinkenwürfel,1
7 eier,1
80 g karotten,1
200 g pouletbrüstchen,1
"chili, in flocken, getrocknet",1
200 g panela-käse,1
"2 hühnerbrühwürfel (für 0,5 l)",1
30 g piloncillo (unraffinierter mexikanischer zuckerrübenzucker),1
"20 - 30 g chipotle-chili, aus der dose",1
18 mexikanische tostadas,1
400 g tofu,1
40 g schmelzkäsescheiben,1
2 rote peperoncini,1
"4 stängel minze, frisch",1
700 g porree,1
4 prisen paprika edelsüß,1
3 semmeln,1
150 g hühnerleber,1
"300 g joghurt, 10% fett",1
2 grüne spitzpaprika,1
80 - 100 g möhre,1
70 g tatar,1
120 g vollkornnudeln,1
20 g käse,1
50 g magerquark,1
1 tl kresse,1
½ tl dill,1
1 - 1 ½ tl chiliflocken (pul biber),1
1 mango,1
muskat,1
180 g porree,1
"400 g kartoffeln, mehligkochend",1
1000 g kartoffeln,1
6 krakauer,1
"125 g katenschinken, gewürfelt",1
150 g endiviensalat,1
70 g mehl,1
1200 g rinderfond,1
1 ½ el dijon-senf,1
1 ½ el körniger senf,1
1 dose mandarinen,1
20 g kokosfett,1
1 ½ el curry,1
400 g kartoffeln,1
"50 - 60 g cashewkerne, ungeröstet",1
"2 - 3 minzeblättchen, frisch",1
150 g nudeln,1
200 g grüner spargel,1
"200 g joghurt, 0,1% fett",1
1 el saucenbinder,1
450 g hokkaidokürbis,1
250 g paradeiser,1
3 stängel dill,1
300 g kirschen,1
30 g rote paprika,1
"5 - 6 zweiglein minze, frisch",1
400 g rosenkohl,1
4 stängel thymian,1
"2 el mandeln, gehobelt",1
60 g basmati-reis,1
140 g schweinefilet,1
"80 g ananas, frisch",1
20 g schinkenwürfel,1
40 g möhrengrün,1
"1 kabeljaufilet, frisch, ohne haut",1
2 prisen paprika edelsüß,1
"2 tl gemischte kräuter, getrocknet",1
60 g hirse,1
120 g weiße pfirsiche,1
100 g nudeln,1
50 g mais,1
2 - 3 zweige thymian,1
3 spritzer tabasco,1
"250 g kokosnussfleisch, frisch",1
5 stängel koriander,1
360 g penne,1
600 g pfifferlinge,1
360 g bandnudeln,1
500 g kefir,1
50 g roher schinken,1
70 g knollensellerie,1
400 g räben,1
"1 tl ingwer, gemahlen",1
"10 g schnittlauch, frisch",1
30 g vollkorn-weizenmehl,1
20 g süßer senf,1
60 g austernsauce,1
30 g sherry,1
120 g hühnerfond,1
"16 garnelen, roh, ohne kopf, geschält",1
200 g meeresspargel,1
10 stängel koriander,1
250 g brokkoli,1
450 g bandnudeln,1
4 stängel oregano,1
"120 g cashewkern, ungeröstet",1
2 el schnittlauch,1
350 g süßkartoffeln,1
70 g paniermehl,1
320 g fenchel,1
½ tl sumach,1
2 geh. tl hühnerbouillon paste,1
"100 g vollrahm, gekühlt",1
100 g joghurt (1% fett),1
"3 tl kren, aus dem glas",1
200 g topinambur,1
1 gestr. el fleur de sel,1
"250 g spargel, weiß",1
2 stängel kerbel,1
100 g spaghetti,1
50 g schinkenwürfel,1
"70 g spätzle, trocken",1
120 g schweinefilet,1
100 g pfifferlinge aus dem glas,1
250 g basmati-reis,1
"2 tl koriander, gemahlen",1
"500 g garnelen, roh, geschält, tk",1
25 g paniermehl,1
180 g kartoffeln,1
20 g kokosnuss-pulver,1
"150 g putenbrustfilet, ohne haut",1
"300 - 350 g grüne erbsen, gefroren",1
"200 g vollrahm, gekühlt",1
½ tl worcestershire sauce,1
200 g rahm,1
40 g weizenmehl,1
"3 zweigchen dill, frisch",1
200 g stangensellerie,1
"2 prise muskatnuss, gemahlen",1
1 geh. el maisstärke (z. b. maizena),1
"2 el kräutermischung, frisch",1
400 g kalbsrücken,1
8 scheiben fetter speck,1
100 g polenta (maisgrieß),1
12 stängel salbei,1
1 ½ tl kartoffelstärke,1
180 g kurze nudeln,1
"250 g himbeeren, frisch",1
"20 g pistazien, gehackt",1
8 stängel thymian,1
100 g schinkenwürfel,1
"600 g mais, tk",1
"400 g garnelen, roh, geschält, tk",1
1 tl reiswein,1
80 g sbrinz,1
400 g hörnli,1
500 g nudeln,1
"250 g suppengemüse, tk",1
1 gestr. tl sambal oelek,1
10 salbeiblätter,1
70 g speisestärke,1
200 g hühnerbrust,1
2 - 3 tl curry,1
"1 el mandeln, gehobelt",1
60 g porree,1
4 tl crème fraîche,1
150 g roggenkörner,1
100 g gegrillte paprika,1
"100 g schinken, roh",1
600 g brokkoli,1
"200 g garnelen, geschält, gegart",1
"600 g erbsen, tk",1
800 g gemüsefond,1
"3 el mandeln, gehobelt",1
300 g parboiled reis,1
400 g knollensellerie,1
12 physalis,1
500 g kürbis,1
10 g ingwer,1
60 g grissini,1
100 g rohschinken,1
"3 - 5 rote chilischoten, frisch",1
"200 g garnelen, roh, ungeschält",1
250 g grüner spargel,1
½ tl reiswein,1
200 g almkäse,1
"30 g weizenmehl, universal",1
"½ tl kümmel, gemahlen",1
4 scheiben weißbrot,1
2 eidotter,1
5 eier (größe m),1
300 g linguine,1
200 g geräucherter lachs,1
30 g wodka,1
30 g vollrahm,1
50 g fontina,1
50 g greyerzer,1
"320 g pasta getrocknet, sorte farfalle",1
150 g guanciale,1
"350 g pasta getrocknet, sorte spaghetti",1
60 g pecorino,1
"350 g pasta, getrocknet, kurz",1
"60 g grieß, weichweizen",1
5 stängel estragon,1
130 g feigen,1
"150 g walnüsse, halbiert",1
1000 g schupfnudeln,1
1200 g galiamelonen-fruchtfleisch,1
100 g geflügelfond,1
100 g parmaschinken,1
240 g reis,1
"400 g erbsen und möhren, tk",1
8 schweineschnitzel,1
8 scheiben serrano-schinken,1
80 g weißer portwein,1
"230 g weizenmehl, universal",1
250 g sauerrahm,1
800 g radieschen,1
1 getrocknetes lorbeerblatt,1
300 g brokkoli,1
"1 lorbeerblatt, frisch",1
60 g bulgur,1
"60 g katenschinken, gewürfelt",1
100 g brennnesselblätter,1
450 g rote peperoni,1
280 g gelbe peperoni,1
220 g grüne peperoni,1
250 g flüssige fischbouillon,1
300 g perlencouscous,1
"600 g rotbarbenfilets, entgrätet, mit haut oder enthäutet",1
"200 g mandeln, ungeröstet",1
100 g paniermehl,1
20 - 30 weisse trauben,1
"30 g mandeln, gehobelt",1
5 g ingwer,1
"10 riesencrevetten, roh, geschält",1
1 el reiswein,1
1 tl gemüsebouillon paste selbst gemacht,1
"400 g pasta, getrocknet, kurz",1
80 g weisswein,1
20 g dijonsenf,1
1 el frischer rosmarin,1
"4 lachsfilet, frisch, ohne haut",1
30 - 40 g brunnenkresse,1
10 - 12 kopfsalat,1
500 g seebarsch,1
10 g maisstärke,1
100 g flüssige rindsbouillon,1
1 el grobkörniger senf,1
700 - 800 g schweinefilets,1
500 g rindsroastbeef,1
2 hartgekochte eier,1
"2 zweigchen kerbel, frisch",1
"4 blättchen estragon, frisch",1
3 el eingelegte kapern,1
"1 tl paprika, geräuchert",1
40 g melassesirup,1
4 - 8 el crème fraîche,1
300 g süßkartoffeln,1
¼ tl kreuzkümmel (cumin),1
800 g rhabarber,1
20 g anisschnaps,1
2 tl speisestärke,1
2 porreestangen,1
"400 g blattspinat, tk",1
"2 stücke zanderfilet, ohne haut",1
"2 prisen kreuzkümmel, gemahlen",1
"3 prisen kreuzkümmel (cumin), gemahlen",1
½ tl harissa-paste,1
"75 g erbsen, tk",1
400 g kurze nudeln,1
100 g kräuter-pesto,1
"200 g durchwachsener speck, gewürfelt",1
440 g nudeln,1
1 - 2 frische rote chilischoten,1
400 - 450 g grüner spargel,1
"100 - 150 g bandnudeln, getrocknet",1
140 g polenta-grieß,1
300 g feta,1
"60 g bärlauchblätter, frisch",1
300 g staudensellerie,1
"2 peperoni, rot",1
300 g kurze makkaroni,1
"2 tl senf, mittelscharf",1
2 - 3 prisen chiliflocken,1
180 g karotten,1
2 scheiben weizenknäckebrot,1
2 prisen fleur de sel,1
400 g frisches lachsfilet,1
750 g gemüsefond,1
100 g bärlauch,1
"160 g durchwachsener speck, geräuchert",1
110 g chorizo,1
"1 pck. safran, gemahlen",1
8 - 12 stängel koriander,1
"200 g maronen, gegart, geschält",1
250 g linguine,1
80 g crème fraîche,1
"200 g krabben, geschält",1
20 g klebreis,1
4 stängel frische minze,1
2 römersalatherzen,1
2 tl kurkuma,1
"450 g blattspinat, tk",1
25 g wodka,1
4 spritzer tabasco,1
6 stücke schweinefilet,1
1 ½ el mehl,1
"300 - 350 g erbsen, tk",1
"2 lachsfilets, frisch, ohne haut",1
500 g blaubeeren,1
5 tl paniermehl,1
100 g flusskrebs-schwanz,1
"450 g beeren, gemischt, tk",1
800 g rotbarschfilets,1
30 g hafer,1
600 g mangold,1
5 tropfen worcester-sauce,1
100 g brunnenkresse,1
croûtons,1
50 g baguette,1
"¼ - 1 rote chilischote, frisch",1
1 - 2 stängel frischer thymian,1
600 g frische erdbeeren,1
40 g emmentaler,1
100 g blattspinat,1
1 scheibe bauernbrot,1
"40 g erbsen, aus der dose",1
300 g gemüse,1
40 g austernsauce,1
60 g weißbrot,1
2 tl dijon-senf,1
1 el estragon,1
8 grüne salatblätter,1
"350 g lachsfilet, frisch, ohne haut",1
1 el dill,1
½ orange,1
20 g dijon-senf,1
1 el rosmarin,1
600 g frische lachsfilets,1
100 g frische bärlauchblätter,1
4 - 8 scheiben schwarzbrot,1
3 fischfilets,1
"2 stückchen ingwer, in sirup",1
12 scampis,1
50 g dinkelkörner,1
30 g sonnenblumenkerne,1
2 - 3 el frische dille,1
120 g räucherlachs,1
50 g sauerrahm,1
70 g eiswürfel,1
150 g frische bärlauchblätter,1
1 tl mangopulver,1
400 g weißer spargel,1
2 - 3 stängel dill,1
dill,1
"100 g garnelen, roh, geschält",1
"500 g erbsen, tk",1
2 stängel minze,1
300 g kohl,1
"100 g schinken, in scheiben",1
30 - 40 g sauerrahm,1
5 stängel frische minze,1
½ - 1 tl wasabipulver,1
50 g misopaste,1
40 g reiswein,1
"300 - 400 g thunfisch, frisch",1
1 - 2 nori-blätter,1
3 radieschen,1
"100 g pilze, getrocknet",1
100 g bambussprossen,1
40 g pinienkerne,1
100 g räucherlachs,1
6 el frische dille,1
"1 prise paprikapulver, edelsüß",1
"1 prise kurkuma, gemahlen",1
"1 prise kreuzkümmel, gemahlen",1
1 tl oberskren,1
50 g sultaninen,1
3 stängel majoran,1
350 g linguine,1
45 g wodka,1
60 g fontinakäse,1
60 g gruyère käse,1
400 g farfalle,1
350 g risottoreis,1
50 g roséwein,1
400 g erdbeeren,1
200 g dinkelreis,1
400 g frische eierschwammerl,1
5 eigelb,1
250 g naturjoghurt,1
¼ tl paprika rosenscharf,1
1 tl orangenschale,1
60 g dinkelflocken,1
"¼ tl muskat, gerieben",1
50 g polenta,1
170 - 200 g porree,1
"800 - 1000 g miesmuscheln, frisch, gesäubert",1
1 - 2 grüne chilischoten,1
½ tl gemüsebouillon paste,1
"120 g jungspinat, frisch",1
"500 g miesmuscheln, frisch, gesäubert",1
"400 g pasta getrocknet, sorte penne",1
"4 spargelstangen, grün",1
"800 g lachsfilet, frisch, ohne haut",1
2 tl wasabipaste,1
2 nori-blätter,1
"800 g kartoffeln, mehligkochend",1
"1 geh. tl senf, mittelscharf",1
400 g geräucherte mettwürstchen,1
4 g thymian,1
700 g kürbis,1
"280 g erbsen, aus der dose",1
270 g couscous,1
1 ½ tl oregano,1
2 bund koriander,1
4 el mango-chutney,1
10 g rote currypaste,1
100 g radieschen,1
pizzagewürz,1
½ gurke,1
2 naan brote,1
3 scheiben toastbrot,1
"70 g katenschinken, gewürfelt",1
70 g crème fraîche,1
70 g speckwürfel,1
300 g pfifferlinge,1
300 g porree,1
2 - 3 zweige estragon,1
2 - 3 stängel kerbel,1
"120 g schinkenspeck, gewürfelt",1
500 g hartweizennudeln,1
400 g griechischer joghurt (10% fett),1
200 g schinkenwürfel,1
400 g porree,1
"½ peperoni, rot",1
200 g pilz-pesto,1
1 - 2 el sriracha-sauce,1
"300 g faschiertes, gemischt",1
"250 g basmatireis, weiß",1
1 tl weizenmehl,1
"500 g schweinefilet, sehnenfrei",1
"1 zweiglein rosmarin, frisch",1
"350 g hendlbrustfilets, ohne haut",1
80 g cornflakes,1
80 g semmelwürfel,1
2 ei (größe m),1
300 g frittierfett,1
6 el meerrettich aus dem glas,1
250 g stremellachs,1
"750 g kartoffeln, festkochend",1
"12 scheiben durchwachsener speck, geräuchert",1
50 g pecorino,1
"50 g durchwachsener speck, geräuchert",1
"320 g pasta getrocknet, sorte penne",1
15 g dill,1
"250 g lachsfilet, gefroren",1
50 g weissbrot,1
1 ½ el schnittlauch,1
"1 mettwurst, geräuchert",1
"¾ tl oregano, getrocknet",1
"½ tl chiliflocken, getrocknet",1
500 g kalbsfilet,1
50 g teriyaki-sauce,1
"300 g thunfisch, frisch",1
¾ nori-blatt,1
mehl,1
200 g suppengemüse,1
150 g geriebener käse,1
1 frische chili,1
2 zweiglein frischer rosmarin,1
200 g paradeiser,1
½ paprikaschote,1
150 g melanzani,1
"2 el oregano, frisch",1
"oregano, frisch",1
250 g gemischtes faschiertes (vom rind und schwein),1
3 - 5 g thymian,1
5 - 10 g gelbe currypaste,1
800 g rinderfond aus dem glas,1
200 g rote spitzpaprika,1
200 g staudensellerie,1
400 g rinderhüfte,1
130 g mehl,1
150 g rhabarber,1
300 g penne,1
20 - 30 g sonnenblumenkerne,1
120 g nektarinen,1
"2 kabeljaufilets, frisch, ohne haut",1
50 g staudensellerie,1
1 tl tabasco,1
500 g fischfond,1
"300 g fisch und meeresfrüchte, frisch, gemischt",1
4 tl schwarze senfkörner,1
2 el ghee,1
"5 curryblätter, frisch",1
"400 g rettich, weiß, lang",1
"2 dosen thunfisch, in lake",1
4 - 5 kapern,1
100 g crème légère,1
"5 aprikosen, getrocknet, entsteint",1
"5 pflaumen, getrocknet, entsteint",1
¼ tl kardamom,1
100 g mandelstifte,1
70 g rogan josh currypaste,1
60 g gruyère,1
300 g halbrahm,1
"250 g pasta getrocknet, z. b. älplermagronen",1
400 g spitzkohl,1
400 g leberkäse,1
4 laugenbrezel,1
250 g kohl,1
1 ½ el currypulver,1
"mandel, geschält",1
"1 limette, unbehandelt",1
"25 g koriander, frisch",1
15 g grüne currypaste,1
2 rote paprikaschoten,1
1 gelbe paprikaschote,1
2 karotten,1
2 scheiben brot,1
20 g crème fraîche,1
½ tl natron,1
"1 el rosmarin, getrocknet, gehackt",1
kräuter der provence,1
"200 g weißbrot, altbacken",1
150 - 180 g roter paprika,1
70 g schinkenspeckwürfel,1
1 tl koriander,1
300 g pak-choi,1
2 ½ tl speisestärke,1
"200 g dinkelkörner, geschält",1
1 tl mexikanische gewürzmischung für tacos,1
120 g glasnudeln,1
150 g pak choi,1
25 g rote currypaste,1
100 g frische paprika,1
225 g mehl,1
40 g haselnüsse,1
"40 g getrocknete aprikosen, entsteint",1
3 stängel oregano,1
220 g pappardelle,1
4 roggenbrötchen,1
4 grüne salatblätter,1
350 g brokkoliröschen,1
"350 g erbsen, tiefgekühlt",1
"20 g minzeblättchen, frisch",1
"¾ tl thymian, getrocknet",1
"50 g feta, light",1
"10 g weizenmehl, universal",1
"1 tl kümmel, gemahlen",1
100 - 120 g frische kräuter,1
"2 - 3 prisen muskatnuss, frisch gerieben",1
gänseblümchen,1
500 g rosenkohl,1
"2 fleischbouillonwürfel (für je 0,5 l)",1
8 tranchen bratspeck,1
100 g bier,1
6 scheiben sandwichtoast,1
40 g hartkäse,1
"1 - 2 tl chili, getrocknet",1
"200 g kartoffeln, festkochend",1
75 g räucherlachs,1
75 g nordseekrabben,1
4 eier (größe m),1
150 g lammrückenfilet,1
50 g getrocknete feigen,1
60 g couscous,1
2 scheiben pastrami,1
"200 g joghurt, 1,5% fett",1
1 gestr. tl mehl,1
"1 pck. pizzateig für ein backblech, frisch, aus dem kühlregal",1
125 g räucherlachs,1
4 artischocken,1
"50 g grüne erbsen, frisch",1
"½ gemüsebouillonwürfel (für je 0,5l)",1
"350 g pasta getrocknet, sorte fusilli",1
"400 g schweinefleisch, gehackt",1
100 g serranoschinken,1
150 g weissbrot,1
"80 g walnüsse, ohne schale",1
"3 - 6 rote chilischoten, frisch",1
"3 kaffir limonenblätter, getrocknet",1
720 g hühnerfond,1
"60 g shiitakepilze, frisch",1
40 g fischsauce,1
2 el tom-yum-paste,1
"50 g schinkenspeck, in scheiben",1
120 g nudeln,1
50 g mascarpone,1
1 - 2 prisen chilipulver,1
250 g sonnenweizen,1
500 g möhren,1
1 tl frische thymianblättchen,1
2 - 3 spritzer worcester-sauce,1
1 räucherforellenfilet,1
"2 - 3 prisen chiliflocken, getrocknet",1
"250 g pouletbrüste, ohne haut, ohne knochen",1
120 g bulgur,1
"frischer koriander, nur die blätter",1
150 g hartkäse,1
100 g roter paprika,1
"100 g erbsen, tiefgekühlt",1
250 - 300 g chorizo,1
"265 g mais, aus der dose",1
"130 g mais, aus der dose",1
¾ tl senf,1
400 g randen,1
"250 g grüne linsen, getrocknet, ganz",1
30 g erdnusscreme,1
20 g ahornsirup,1
40 g schwarzkümmel-samen,1
250 g sobanudeln,1
½ bund thymian,1
¼ bund oregano,1
250 g rote peperoni,1
150 g brokkoliröschen,1
250 g rumpsteak,1
"60 g feta, light",1
125 g crème fraîche,1
20 g maisstärke,1
"2 - 3 prisen muskat, gemahlen",1
140 g erdnusscreme,1
"400 g erbsen, tiefgekühlt",1
4 scheiben frühstücksspeck,1
8 jakobsmuscheln,1
200 g kasseler,1
350 g nudeln,1
300 g rohe garnelen,1
"15 g galgant (thai-ingwer), frische wurzel",1
100 g thai-chili-sauce,1
250 g fischfilets,1
120 g austernpilze,1
100 g venusmuscheln,1
450 g möhren,1
"250 g erbsen, tk",1
6 wiener würstchen,1
1 radicchio,1
1 ziegenkäserolle,1
20 g orangenmarmelade,1
1 birne,1
100 g dinkel,1
500 g pilze,1
"1 prise chili, gemahlen",1
"1 el kapern, eingelegt",1
"750 g zwetschken, frisch",1
25 g maisstärke,1
90 g biskotten,1
"20 g mandeln, gehobelt",1
100 g lauch,1
20 - 40 g mandelmus,1
2 el mandelblättchen,1
"½ bund dille, frisch",1
500 g gemischtes gemüse,1
300 g gemischtes gemüse,1
100 g erdnusscreme,1
"10 g kurkuma, frisch",1
½ - ¾ tl kreuzkümmel (cumin),1
25 g ghee,1
60 g paniermehl,1
"1 el senf, mittelscharf",1
400 g pastinaken,1
50 g cashewkern,1
"130 g joghurt, 1,5% fett",1
"50 g cranberrys, getrocknet",1
120 g knollensellerie,1
250 g perlgraupen,1
150 g chorizo,1
"4 semmeln, altbacken",1
"¼ tl paprikapulver, edelsüß",1
1 - 2 tl semmelbrösel,1
180 g buchweizen,1
40 g räucherlachsscheiben,1
1 el zimt,1
500 g weissbrot,1
"180 g durchwachsener speck, gewürfelt",1
6 stängel minze,1
2 el rauchmandeln,1
220 g kurze nudeln,1
2 scheiben gekochter schinken,1
"6 el gemischte, frische kräuter",1
4 stängel frische dille,1
250 g veganes joghurt,1
100 g veganer sauerrahm,1
150 g mehl,1
800 g drillinge,1
400 g gyros-geschnetzeltes,1
3 rote paprika,1
400 g kohlrabi,1
400 g räucherforellenfilets,1
35 g meerrettich aus dem glas,1
50 g panko,1
"600 g thunfisch, frisch",1
500 g süßkartoffeln,1
80 - 100 g erdnusscreme,1
3 el sonnenblumenkerne,1
"10 - 14 zweige minze, frisch",1
"100 g naturjoghurt (3,6% fett)",1
"3 stängel minze, frisch",1
100 g grünkern,1
300 g süßkartoffel,1
150 g porreestange,1
50 g buchweizen,1
300 g fenchel,1
1 bio-orange,1
50 g orangensaft,1
"250 g blattspinat, frisch",1
120 g hartkäse,1
"400 g stückige paradeiser, aus der dose",1
30 g paradeismark,1
"2 tl oregano, getrocknet",1
"350 g garnelen, roh, geschält",1
80 g staudensellerie,1
40 g karotte,1
"300 g kürbis, fruchtfleisch",1
100 g speck,1
1 el gemüsebouillon paste,1
"60 g grüne erbsen, gefroren",1
150 g radicchio,1
1 gestr. el mehl,1
toastbrot,1
"80 g maiskörner, gefroren",1
"150 g thunfisch, aus der dose, in lake",1
"200 g nudeln, trocken, sorte fusilli",1
"¼ tl koriander, gemahlen",1
"½ - 1 tl chili, gemahlen",1
2 el koriander,1
200 g melanzani,1
"½ el oregano, getrocknet",1
250 g hühnerbrustfilet,1
"3 - 5 prisen kurkuma, gemahlen",1
1 el weizenmehl,1
"150 g naturjoghurt (3,6% fett)",1
"80 g blattspinat, frisch",1
"250 g lachsfilets, frisch, ohne haut",1
150 g kurze nudeln,1
250 g süßkartoffeln,1
360 g goldhirse,1
"½ tl paprika, edelsüß, geräuchert",1
"frische kräuter, gemischt",1
150 - 200 g rote paprika,1
720 g mini-maultaschen,1
"450 g erbsen, tk",1
400 g orecchiette,1
"70 g walnüsse, halbiert",1
"1 tl paprikapulver, edelsüß, geräuchert",1
1 tl ras el hanout,1
300 g kräuterseitlinge,1
500 g mehl,1
"¼ tl liebstöckel, getrocknet",1
½ tl korianderkörner,1
½ tl kümmelsamen,1
¼ tl senfkörner,1
"¼ tl schabzigerklee, gemahlen",1
"120 g garnelen, roh, groß, geschält",1
500 g cocktailparadeiser,1
60 g amaranthkörner,1
"½ tl chili, getrocknet",1
"50 g oliven, entkernt",1
100 - 150 g feta,1
4 - 5 stängel gemischte frische kräuter,1
200 g hüttenkäse,1
"2 datteln, entsteint",1
30 g mandeln,1
150 g sauerkraut,1
300 g spitzkohl,1
200 g basmati-reis,1
3 el naturjoghurt,1
80 g pecorino,1
"8 riesencrevetten, roh",1
20 g brandy,1
"200 g scampi, roh, ungeschält",1
160 g linguine,1
1 el hühnerbouillon paste,1
"150 g grüne erbsen, gefroren",1
"250 g lachsfilets, tk",1
1 brötchen,1
100 g fontinakäse,1
300 g muschelpasta,1
150 g tiroler schinkenspeck,1
"220 g couscous, mittel",1
1 ½ tl curry,1
400 g gemüse,1
2 tl gelbe currypaste,1
100 g reisglasnudeln,1
60 g haselnüsse,1
"750 g tortelloni, frisch",1
200 g kohlrabi,1
200 g bratwürstchen,1
170 g grüne paprika,1
280 g hörnchennudeln,1
180 g rote paprika,1
200 g geräucherte mettwürstchen,1
2 tl currypulver,1
2 el walnusshälften,1
200 g ziegenkäserolle,1
500 g gemüsefond,1
300 - 400 g schweineleber,1
1 tl maisstärke,1
"4 tl majoran, getrocknet",1
"6 el kräutermischung, frisch",1
140 g hartkäse,1
100 g wermut,1
1 pck. schupfnudeln,1
90 g topinambur,1
1 el schwarzkümmelsamen,1
150 g gelbe linsen,1
50 g griechischer joghurt (10% fett),1
"1 tl italienische kräuter, getrocknet",1
80 g lauch,1
70 g gelbe currypaste,1
600 g kabeljaufilet,1
1 el ghee,1
250 g melanzani,1
200 g paprika,1
15 g cashewkerne,1
"50 g erbsen, tiefgekühlt",1
6 el korma paste,1
½ tl garam masala,1
"300 g kartoffeln, festkochend",1
80 g gouda,1
2 rote spitzpaprika,1
"4 frische, scharfe bratwürstchen (z.b. merguez)",1
"2 geh. tl gemischte kräuter, tk",1
"1 lachsfilet, tk",1
1 gestr. tl gelbe currypaste,1
1 rote paprikaschote,1
80 - 100 g nudeln,1
250 g kartoffeln,1
400 g fischfilets,1
2 semmeln,1
"1 tl dillspitzen, getrocknet",1
2 - 3 el semmelbrösel,1
80 g haselnusskerne,1
350 g schwarzwurzeln,1
400 g tagliatelle,1
2 gelbe paprika,1
"80 g kartoffeln, mehligkochend",1
2 tl crème fraîche,1
150 g bulgur,1
"1 tl gemischte kräuter, getrocknet",1
10 piri-piri-chili,1
20 g weinbrand,1
"800 g garnelen, roh, groß, geschält",1
1 tl fenchelsaat,1
1 fenchelknolle,1
"50 g wermut, trocken",1
500 g penne rigate,1
180 g reisglasnudeln,1
½ cm frischer ingwer,1
30 g fischsauce,1
½ - 1 tl thai-chili-sauce,1
"300 g hühnerbrustfilet, ohne haut",1
"1 el korianderblätter, frisch",1
2 möhren,1
½ porreestange,1
1200 g pilzfond,1
½ bund kerbel,1
"300 g steinpilze, frisch",1
500 g grüner spargel,1
"300 g kräuterseitlinge, frisch",1
1 staudensellerie,1
200 g pilze,1
250 g pastinaken,1
3 scheiben bauernbrot,1
2 el mandelmus,1
150 g schmelzkäse,1
1 - 1 ½ el curry,1
250 g farfalle,1
100 g weißkohl,1
"200 g putenbrust, ohne haut",1
3 tl misopaste,1
250 g chinesische weizennudeln,1
150 g hokkaidokürbis,1
100 g sojadrink,1
"2 chili, getrocknet",1
350 g weisskabis,1
220 g spaghetti,1
4 stängel salbei,1
4 stück burrata,1
4 prisen fleur de sel,1
"40 g weisswein, trocken",1
"200 g crevetten, klein, geschält",1
1 päckchen safranpulver,1
"350 g pasta getrocknet, sorte pennette",1
90 g tandoori-paste,1
90 g kokoscreme,1
200 g linsen,1
30 g mandelmus,1
2 el currypulver,1
4 zweigchen koriander,1
100 g mandeln,1
"2 tl majoran, getrocknet",1
"100 g joghurt, jeder fettgehalt",1
280 g basmati-reis,1
"600 g gemischtes gemüse, tk",1
120 g erdnusscreme,1
1 geh. tl garam masala,1
1 geh. tl kreuzkümmel (cumin),1
"300 g rahmspinat, tk",1
10 g kokosflocken,1
8 stängel dill,1
"80 g wermut, weiß",1
"20 g kapern, eingelegt",1
1 geräucherte mettwürstchen,1
1 orange,1
"500 g grüne erbsen, gefroren",1
1 geh. tl gemüse-bouillon paste,1
"2 stängel minze, frisch",1
40 g dinkelkörner,1
1 glas schattenmorellen,1
2 prisen zimt,1
"300 - 400 g spätzle, frisch",1
75 g crème fraîche,1
60 g halloumi käse,1
1 stängel minze,1
"100 g joghurt, 0,1% fett",1
200 g hartweizennudeln,1
30 g kürbiskerne,1
"700 g grüne erbsen, tiefgekühlt",1
2 tl mandelblättchen,1
320 g vollkorn-spaghetti,1
"250 - 280 g rote rübe, roh",1
10 g hefeflocken,1
200 g salsiccia,1
280 g kurze nudeln,1
50 g pecannüsse,1
1 prise zimt,1
700 g möhren,1
3 tl rote currypaste,1
"1000 g mini-kartoffelklöße, tk",1
200 g pastinaken,1
"¼ tl ingwer, gemahlen",1
500 g wiener würstchen,1
120 g suppengemüse,1
400 g geflügelfond,1
130 g suppennudeln,1
200 g guanciale,1
1 geh. el crème fraîche,1
"3 el kapern, eingelegt",1
250 g halbfettquark,1
20 g grobkörniger senf,1
1 tl currypulver,1
¼ tl paprika,1
4 laugenbrötchen,1
"40 g mandeln, gehobelt",1
400 g dinkelnudeln,1
60 g mandelmus,1
100 g appenzeller,1
2 zweige majoran,1
50 g wirz,1
50 g weisskabis,1
200 g reis,1
"2 stängel koriander, frisch",1
12 g fischsauce,1
1 - 2 el rote currypaste,1
320 g makkaroni,1
100 g manchego käse,1
100 g toastbrot,1
2 prisen chilifäden,1
"100 g lachsfilet, frisch, ohne haut",1
100 g bandnudeln,1
400 g spaghettini,1
200 g weißkraut,1
"¼ tl kümmel, gemahlen",1
120 g fusilli,1
"400 g entenbrust, mit haut",1
2 pck. udon-nudeln,1
150 g käse,1
100 g mark,1
80 g paniermehl,1
"300 g weizenmehl, griffig",1
80 g reisdrink,1
50 g vegane margarine,1
1 el garam masala,1
70 g rote paprika,1
15 g biber salçası,1
200 g bulgur,1
100 g kokosdrink,1
20 g domates salçası,1
400 g freiburger vacherin,1
"200 g weisswein, trocken",1
15 g kirsch,1
1 prise paprika edelsüss,1
"1 rindsbouillonwürfel (für 0,5 l)",1
400 g brätkügeli,1
8 blätterteigpastetli,1
"320 g pasta getrocknet, sorte spaghettini",1
500 g brokkoli,1
3 tl körniger senf,1
1 schweinefilet,1
"3 tl senf, mittelscharf",1
250 g laugenbrezeln,1
paniermehl,1
300 g schweinefilet,1
"1 msp. paprikapulver, edelsüß",1
4 schmelzkäse ecken,1
1 - 2 tl frische thymianblättchen,1
½ grüne paprika,1
½ gelbe paprika,1
250 g hokkaidokürbis,1
125 g risottoreis arborio,1
450 g süsskartoffeln,1
300 g pouletbrustfilets,1
"120 g bratspeck, in tranchen",1
1 zweigchen frischer salbei,1
100 g halbrahm,1
500 g rinderfilet,1
2 tl oregano,1
300 g weizen,1
100 g dinkelmehl type 630,1
50 g mohn,1
"500 g putenbrustfilet, ohne haut",1
½ gestr. tl paprika edelsüß,1
½ gestr. tl curry,1
"1 kartoffel, mehligkochend",1
"1 tl minze, getrocknet, gehackt",1
20 g biber salçası,1
500 g kürbisfleisch,1
etwas kürbiskerne,1
6 el sauerrahm,1
120 g emmentaler,1
50 g maismehl,1
"250 g waldpilze, frisch",1
15 g weizenmehl,1
350 g streichkäse,1
"2 prisen kümmel, gemahlen",1
500 g knollensellerie,1
"5 - 10 g ingwer, frisch",1
350 g gemüsefond,1
1 el kerbel,1
"100 g kräuterseitlinge, frisch",1
400 g kokosdrink,1
120 g staudensellerie,1
"60 g weizenmehl, glatt",1
4 scheiben räucherlachs,1
"60 g kräuterseitlinge, frisch",1
"40 g kräuterseitlinge, frisch",1
160 g staudensellerie,1
"750 - 800 g maronen, gegart, geschält",1
8 tl crème fraîche,1
2 - 3 el paniermehl,1
1 geh. tl paprika edelsüß,1
30 g hartkäse,1
130 g risottoreis arborio,1
"25 g erbsen, tiefgekühlt",1
75 g mini-römersalat,1
300 g birnen,1
25 g haselnüsse,1
75 g möhren,1
250 g gyros-geschnetzeltes,1
240 g mehl,1
mohn,1
1 ½ tl maisstärke,1
2 el crème fraîche,1
½ tl safranfäden,1
"½ el thymian, getrocknet",1
25 g speckwürfeli,1
25 g schinken,1
"150 g kalbsfleisch, geschnetzelt",1
150 g kalbsfond,1
10 g estragonsenf,1
40 g karotten,1
25 g stangensellerie,1
½ el maisstärke,1
200 g schweinslungenbraten,1
"¾ tl kreuzkümmel (cumin), gemahlen",1
"¾ tl koriander, gemahlen",1
"320 g tiefseegarnelen, tk",1
125 g magertopfen,1
½ ei,1
"200 g dinkelmehl, glatt",1
